posted_pdt,dur_s,views,likes,comments,shares,saves,title
2026-08-12 00:21,40,307,6,0,1,1,A1 Riftor vs Weather
2026-08-12 00:21,87,99,0,0,0,0,A2
2026-08-12 00:22,55,104,0,0,0,0,A3
2026-08-12 00:22,56,88,0,0,0,0,A4
2026-08-12 00:22,71,95,1,0,0,0,A5
2026-08-12 00:22,90,166,3,0,0,0,A6
2026-08-12 00:23,47,3,0,0,0,0,B1
2026-08-12 00:23,35,6,0,0,0,0,B2
2026-08-12 00:23,47,4,0,0,0,0,B3
2026-08-12 00:23,28,8,0,0,0,0,B4
2026-08-12 00:24,48,6,1,0,0,0,B6
2026-08-12 00:24,48,5,0,0,0,0,B5
2026-08-12 00:24,41,5,0,0,0,0,C1
2026-08-12 00:24,62,6,0,0,0,0,C2
2026-08-12 00:25,57,8,0,0,0,0,C3
2026-08-12 00:26,41,5,0,0,0,0,C4
2026-08-12 00:26,56,4,0,0,0,0,C5
2026-08-12 00:26,55,4,0,0,0,0,C6
2026-08-12 00:27,53,4,2,0,0,0,D1
2026-08-12 00:27,64,3,0,0,0,0,D2
2026-08-12 00:27,51,3,0,0,0,0,D3
2026-08-12 00:28,44,8,0,0,0,0,D4
2026-08-12 00:28,48,4,0,0,0,0,D5
2026-08-12 00:28,47,13,0,0,0,0,D6
2026-08-12 16:41,39,23,3,2,0,0,Grudgrwaker v Thornwake
2026-08-13 15:03,42,306,5,0,0,1,Dawnbringer v Grudgebearer
2026-08-13 23:08,42,242,8,1,1,1,Ironhail v Widowmaker
2026-08-13 23:26,45,341,10,0,0,0,Grudgebearer v Thornwake
2026-08-13 23:27,47,329,10,7,0,0,Gravemourn v Dawnbringer
2026-08-14 16:46,55,653,18,2,0,4,Farwarden v Nightfell
2026-08-14 16:46,49,502,10,1,0,3,Nightfell v Emberedge
2026-08-14 17:13,41,304,4,0,0,2,Widowmaker v Goreshard
2026-08-14 18:29,31,34,1,5,0,0,Grudgebearer v Thornwake (dup)
2026-08-15 12:47,48,250,7,1,0,0,Slagheart v Lightkeeper
2026-08-16 02:14,64,334,9,2,0,0,Axiom v Nightfell
2026-08-16 15:56,45,290,9,0,0,1,Ironhail v Goreshard
2026-08-17 08:15,49,310,7,4,0,2,Emberedge v Thornwake
2026-08-18 08:15,46,291,10,2,0,0,Dawnbringer v Censer
2026-08-18 23:47,48,49,2,0,0,0,Gravemourn v Heartwood
2026-08-20 08:15,42,37,1,0,0,0,Slagheart v Aureole_1
2026-08-19 21:41,53,323,10,0,0,1,Threshmaw v Twinshade
2026-08-21 11:02,51,320,11,2,0,2,(no caption)
2026-08-22 03:09,46,327,7,1,0,0,Dawnbringer v Foregone
2026-08-22 23:38,45,323,10,1,0,2,Threshmaw v Vinesower
2026-08-23 22:40,51,326,10,3,0,0,(no caption)
2026-08-24 22:38,36,162,1,0,0,0,Dawnbringer v Emberedge
2026-08-26 00:35,46,143,1,0,0,0,Lastlight v Emberedge
2026-08-29 01:26,43,228,4,0,0,0,Twinshade v Marrowdraw
2026-08-29 18:59,56,249,10,2,0,3,Grudgebearer v Paradox
2026-08-30 20:00,55,193,11,1,0,0,Lastlight v Ironhail
2026-08-31 20:32,43,246,9,0,0,0,Threshmaw v Shroudmaul
2026-09-01 00:48,60,250,1,1,0,1,Cindercleave v Thornshear
2026-09-01 21:08,50,183,4,0,0,0,Bloodmirror v Gloamwire
2026-09-02 00:17,51,903,6,0,0,1,Duskreave v Ravelbone
2026-09-02 22:57,61,377,14,0,0,0,Twinshade v Bulwarden
2026-09-06 16:41,82,172,4,3,0,0,Starwarden v Duskreave
2026-09-13 23:53,75,130,4,0,0,0,Gloamwire v Starwarden
2026-09-19 20:16,70,231,7,0,0,1,Cindercleave v Shroudmaul
2026-09-24 22:27,71,354,11,1,0,2,Nightfell v Lastlight
2026-09-25 23:07,77,312,5,0,0,1,Slagheart v Lightkeeper
2026-09-28 13:22,64,282,7,5,0,1,Thornshear v Nightglass
2026-09-29 16:57,30,112,0,0,0,0,worldcup-trailer
